product_image_link,product_name,product_url,product_price
"https://glassesshop-res.cloudinary.com/c_fill,f_auto,fl_lossy,q_auto,w_800,h_400,c_pad/products/201901/5c3403881a8fe.jpg",Hume,https://www.glassesshop.com/eyeglasses/fz1297,$8.99
"https://glassesshop-res.cloudinary.com/c_fill,f_auto,fl_lossy,q_auto,w_800,h_400,c_pad/products/201904/5cb69b512d7b0.jpg",Butler,https://www.glassesshop.com/eyeglasses/fp1841,$19.95
"https://glassesshop-res.cloudinary.com/c_fill,f_auto,fl_lossy,q_auto,w_800,h_400,c_pad/products/202111/617fae5de0604.jpg",Modesto,https://www.glassesshop.com/eyeglasses/fm1654,$24.95
"https://glassesshop-res.cloudinary.com/c_fill,f_auto,fl_lossy,q_auto,w_800,h_400,c_pad/products/202009/5f5edd683b77a.jpg",Egbert,https://www.glassesshop.com/eyeglasses/rm0288,$54.95
"https://glassesshop-res.cloudinary.com/c_fill,f_auto,fl_lossy,q_auto,w_800,h_400,c_pad/products/202109/614a9e2fa5fcb.jpg",Barlow,https://www.glassesshop.com/eyeglasses/sm0933,$29.95
"https://glassesshop-res.cloudinary.com/c_fill,f_auto,fl_lossy,q_auto,w_800,h_400,c_pad/products/201911/5dbfecc57f5b9.jpg",Plains,https://www.glassesshop.com/eyeglasses/fp2026,$24.95
"https://glassesshop-res.cloudinary.com/c_fill,f_auto,fl_lossy,q_auto,w_800,h_400,c_pad/products/202002/5e43690b02bb9.jpg",Taurus,https://www.glassesshop.com/eyeglasses/fp2043,$24.95
"https://glassesshop-res.cloudinary.com/c_fill,f_auto,fl_lossy,q_auto,w_800,h_400,c_pad/products/202109/614a9c84c9ab0.jpg",Lydia,https://www.glassesshop.com/eyeglasses/fp2434,$19.95
"https://glassesshop-res.cloudinary.com/c_fill,f_auto,fl_lossy,q_auto,w_800,h_400,c_pad/products/201812/5c2436744ec7f.jpg",Haywood,https://www.glassesshop.com/eyeglasses/fm1354,$29.95
"https://glassesshop-res.cloudinary.com/c_fill,f_auto,fl_lossy,q_auto,w_800,h_400,c_pad/products/202107/60f4cf1859345.jpg",Cooksville,https://www.glassesshop.com/eyeglasses/fp2010,$12.95
"https://glassesshop-res.cloudinary.com/c_fill,f_auto,fl_lossy,q_auto,w_800,h_400,c_pad/products/202112/61adbf7e62f41.jpg",Hannah,https://www.glassesshop.com/eyeglasses/fp2514,$24.95
"https://glassesshop-res.cloudinary.com/c_fill,f_auto,fl_lossy,q_auto,w_800,h_400,c_pad/products/202002/5e43692687da0.jpg",Libra,https://www.glassesshop.com/eyeglasses/fp2047,$24.95
"https://glassesshop-res.cloudinary.com/c_fill,f_auto,fl_lossy,q_auto,w_800,h_400,c_pad/products/202005/5eb913470af6b.jpg",Prairie,https://www.glassesshop.com/eyeglasses/fz1461,$5.95
"https://glassesshop-res.cloudinary.com/c_fill,f_auto,fl_lossy,q_auto,w_800,h_400,c_pad/products/201906/5d031896311f6.jpg",Celia,https://www.glassesshop.com/eyeglasses/fm1387,$19.95
"https://glassesshop-res.cloudinary.com/c_fill,f_auto,fl_lossy,q_auto,w_800,h_400,c_pad/products/201910/5d9ff9961f92a.jpg",Bronx,https://www.glassesshop.com/eyeglasses/fp1979,$12.95
"https://glassesshop-res.cloudinary.com/c_fill,f_auto,fl_lossy,q_auto,w_800,h_400,c_pad/products/201807/5b5fc1d09945c.jpg",Lyndon,https://www.glassesshop.com/eyeglasses/fm1286,$19.95
"https://glassesshop-res.cloudinary.com/c_fill,f_auto,fl_lossy,q_auto,w_800,h_400,c_pad/products/202007/5f0d02e66cf0b.jpg",Althea,https://www.glassesshop.com/eyeglasses/fp2111,$19.95
"https://glassesshop-res.cloudinary.com/c_fill,f_auto,fl_lossy,q_auto,w_800,h_400,c_pad/products/202006/5ef06e3a89c4c.jpg",Gulfport,https://www.glassesshop.com/eyeglasses/fp2106,$19.95
"https://glassesshop-res.cloudinary.com/c_fill,f_auto,fl_lossy,q_auto,w_800,h_400,c_pad/products/201911/5dbfed02cae13.jpg",Oberlin,https://www.glassesshop.com/eyeglasses/fp2035,$19.95
"https://glassesshop-res.cloudinary.com/c_fill,f_auto,fl_lossy,q_auto,w_800,h_400,c_pad/products/202102/602a10c0cfd59.jpg",Hedy,https://www.glassesshop.com/eyeglasses/fz1608,$29.95
"https://glassesshop-res.cloudinary.com/c_fill,f_auto,fl_lossy,q_auto,w_800,h_400,c_pad/products/202010/5f990771305f0.jpg",Poppy,https://www.glassesshop.com/eyeglasses/fz1032,$29.95
"https://glassesshop-res.cloudinary.com/c_fill,f_auto,fl_lossy,q_auto,w_800,h_400,c_pad/products/202111/617fad01dd332.jpg",Water,https://www.glassesshop.com/eyeglasses/fp2468,$29.95
"https://glassesshop-res.cloudinary.com/c_fill,f_auto,fl_lossy,q_auto,w_800,h_400,c_pad/products/201907/5d268bd88f69a.jpg",Maltz,https://www.glassesshop.com/eyeglasses/fz1370,$29.95
"https://glassesshop-res.cloudinary.com/c_fill,f_auto,fl_lossy,q_auto,w_800,h_400,c_pad/products/201811/5bff5bf26798e.jpg",Bruno,https://www.glassesshop.com/eyeglasses/fp1506,$19.95
"https://glassesshop-res.cloudinary.com/c_fill,f_auto,fl_lossy,q_auto,w_800,h_400,c_pad/products/202008/5f30d29c54cab.jpg",Celeste,https://www.glassesshop.com/eyeglasses/fm1470,$5.95
"https://glassesshop-res.cloudinary.com/c_fill,f_auto,fl_lossy,q_auto,w_800,h_400,c_pad/products/201808/5b7e0ee2a1137.jpg",Belle,https://www.glassesshop.com/eyeglasses/fp1768,$19.95
"https://glassesshop-res.cloudinary.com/c_fill,f_auto,fl_lossy,q_auto,w_800,h_400,c_pad/products/202109/61554e6c465a3.jpg",Burke,https://www.glassesshop.com/eyeglasses/fm1243,$24.95
"https://glassesshop-res.cloudinary.com/c_fill,f_auto,fl_lossy,q_auto,w_800,h_400,c_pad/products/201711/59fd64661a767.jpg",Prince,https://www.glassesshop.com/eyeglasses/fp1437,$5.95
"https://glassesshop-res.cloudinary.com/c_fill,f_auto,fl_lossy,q_auto,w_800,h_400,c_pad/products/202002/5e377f634cb1c.jpg",Fresno,https://www.glassesshop.com/eyeglasses/fp2036,$5.95
"https://glassesshop-res.cloudinary.com/c_fill,f_auto,fl_lossy,q_auto,w_800,h_400,c_pad/products/202008/5f30c11add35e.jpg",Joplin,https://www.glassesshop.com/eyeglasses/fz1491,$24.95
"https://glassesshop-res.cloudinary.com/c_fill,f_auto,fl_lossy,q_auto,w_800,h_400,c_pad/products/202106/60bdd7c30d594.jpg",Asheville,https://www.glassesshop.com/eyeglasses/fp1991,$12.95
"https://glassesshop-res.cloudinary.com/c_fill,f_auto,fl_lossy,q_auto,w_800,h_400,c_pad/products/202011/5fa8e947af13a.jpg",Indianapolis,https://www.glassesshop.com/eyeglasses/fp2158,$9.95
"https://glassesshop-res.cloudinary.com/c_fill,f_auto,fl_lossy,q_auto,w_800,h_400,c_pad/products/201906/5d0318965cdb1.jpg",Annabel,https://www.glassesshop.com/eyeglasses/ft0304,$39.95
"https://glassesshop-res.cloudinary.com/c_fill,f_auto,fl_lossy,q_auto,w_800,h_400,c_pad/products/202004/5e93cdb77d4ef.jpg",Walnut,https://www.glassesshop.com/eyeglasses/sup0821,$29.95
"https://glassesshop-res.cloudinary.com/c_fill,f_auto,fl_lossy,q_auto,w_800,h_400,c_pad/products/201910/5da92c7eb9fb3.jpg",Toledo,https://www.glassesshop.com/eyeglasses/fm1405,$24.95
"https://glassesshop-res.cloudinary.com/c_fill,f_auto,fl_lossy,q_auto,w_800,h_400,c_pad/products/201910/5d9ffa72dbb0e.jpg",Endicott,https://www.glassesshop.com/eyeglasses/fz1392,$29.95
"https://glassesshop-res.cloudinary.com/c_fill,f_auto,fl_lossy,q_auto,w_800,h_400,c_pad/products/202011/5f9faec3362e6.jpg",Dominic,https://www.glassesshop.com/eyeglasses/fp2151,$12.95
"https://glassesshop-res.cloudinary.com/c_fill,f_auto,fl_lossy,q_auto,w_800,h_400,c_pad/products/202106/60bdd99fb7511.jpg",Lexingto,https://www.glassesshop.com/eyeglasses/fp1694,$19.95
"https://glassesshop-res.cloudinary.com/c_fill,f_auto,fl_lossy,q_auto,w_800,h_400,c_pad/products/202106/60bdd7ddbb29d.jpg",Joni,https://www.glassesshop.com/eyeglasses/fp2024,$29.95
"https://glassesshop-res.cloudinary.com/c_fill,f_auto,fl_lossy,q_auto,w_800,h_400,c_pad/products/201910/5db00f040fdf1.jpg",Abina,https://www.glassesshop.com/eyeglasses/fp1938,$9.95
"https://glassesshop-res.cloudinary.com/c_fill,f_auto,fl_lossy,q_auto,w_800,h_400,c_pad/products/201805/5af16009d7b28.jpg",Derrick,https://www.glassesshop.com/eyeglasses/fp1661,$24.95
"https://glassesshop-res.cloudinary.com/c_fill,f_auto,fl_lossy,q_auto,w_800,h_400,c_pad/products/201907/5d1dad7e8b665.jpg",Milne,https://www.glassesshop.com/eyeglasses/fz1358,$29.95
"https://glassesshop-res.cloudinary.com/c_fill,f_auto,fl_lossy,q_auto,w_800,h_400,c_pad/products/202102/603c4e48ab639.jpg",Amelia,https://www.glassesshop.com/eyeglasses/fm1553,$34.95
"https://glassesshop-res.cloudinary.com/c_fill,f_auto,fl_lossy,q_auto,w_800,h_400,c_pad/products/201904/5ca2bda91b3a0.jpg",Arlene,https://www.glassesshop.com/eyeglasses/fp1763,$24.95
"https://glassesshop-res.cloudinary.com/c_fill,f_auto,fl_lossy,q_auto,w_800,h_400,c_pad/products/202109/614a997e94a70.jpg",Alberta,https://www.glassesshop.com/eyeglasses/fp2319,$9.95
"https://glassesshop-res.cloudinary.com/c_fill,f_auto,fl_lossy,q_auto,w_800,h_400,c_pad/products/201812/5c26d172e6aa2.jpg",Genevieve,https://www.glassesshop.com/eyeglasses/fz1270,$34.95
"https://glassesshop-res.cloudinary.com/c_fill,f_auto,fl_lossy,q_auto,w_800,h_400,c_pad/products/202008/5f4775478f20c.jpg",Pete,https://www.glassesshop.com/eyeglasses/fz1209,$2.99
"https://glassesshop-res.cloudinary.com/c_fill,f_auto,fl_lossy,q_auto,w_800,h_400,c_pad/products/202106/60bdd9c8ae6b0.jpg",Flushing,https://www.glassesshop.com/eyeglasses/fp1972,$12.95
"https://glassesshop-res.cloudinary.com/c_fill,f_auto,fl_lossy,q_auto,w_800,h_400,c_pad/products/202201/61dbe5d528cb5.jpg",Niki,https://www.glassesshop.com/eyeglasses/fp2490,$12.48
"https://glassesshop-res.cloudinary.com/c_fill,f_auto,fl_lossy,q_auto,w_800,h_400,c_pad/products/201810/5bbc510972368.jpg",Willie,https://www.glassesshop.com/eyeglasses/sm0862,$19.95
"https://glassesshop-res.cloudinary.com/c_fill,f_auto,fl_lossy,q_auto,w_800,h_400,c_pad/products/202111/617fad8258758.jpg",Worcester,https://www.glassesshop.com/eyeglasses/fp2484,$24.95
"https://glassesshop-res.cloudinary.com/c_fill,f_auto,fl_lossy,q_auto,w_800,h_400,c_pad/products/202105/60a36292b587d.jpg",Denise,https://www.glassesshop.com/eyeglasses/fp2300,$24.94
"https://glassesshop-res.cloudinary.com/c_fill,f_auto,fl_lossy,q_auto,w_800,h_400,c_pad/products/202101/5ff15557c070f.jpg",Hillsborough,https://www.glassesshop.com/eyeglasses/fp0989,$19.95
"https://glassesshop-res.cloudinary.com/c_fill,f_auto,fl_lossy,q_auto,w_800,h_400,c_pad/products/202112/61adc0a1be88b.jpg",Mark,https://www.glassesshop.com/eyeglasses/sm0937,$29.95
"https://glassesshop-res.cloudinary.com/c_fill,f_auto,fl_lossy,q_auto,w_800,h_400,c_pad/products/202011/5fc45741a56c5.jpg",Jacksonville,https://www.glassesshop.com/eyeglasses/fp2183,$19.95
"https://glassesshop-res.cloudinary.com/c_fill,f_auto,fl_lossy,q_auto,w_800,h_400,c_pad/products/201906/5d031896295ff.jpg",Riverside,https://www.glassesshop.com/eyeglasses/fm1385,$19.95
"https://glassesshop-res.cloudinary.com/c_fill,f_auto,fl_lossy,q_auto,w_800,h_400,c_pad/products/201907/5d268bd885fb9.jpg",Leigh,https://www.glassesshop.com/eyeglasses/fz1368,$5.95
"https://glassesshop-res.cloudinary.com/c_fill,f_auto,fl_lossy,q_auto,w_800,h_400,c_pad/products/202102/6023752dda9dd.jpg",Evansville,https://www.glassesshop.com/eyeglasses/fp1363,$19.95
"https://glassesshop-res.cloudinary.com/c_fill,f_auto,fl_lossy,q_auto,w_800,h_400,c_pad/products/202007/5f1e8acd71af1.jpg",Evanston,https://www.glassesshop.com/eyeglasses/sup0791,$24.95
"https://glassesshop-res.cloudinary.com/c_fill,f_auto,fl_lossy,q_auto,w_800,h_400,c_pad/products/201906/5cf730e71cec3.jpg",Rochester,https://www.glassesshop.com/eyeglasses/fm1263,$29.95
"https://glassesshop-res.cloudinary.com/c_fill,f_auto,fl_lossy,q_auto,w_800,h_400,c_pad/products/202106/60bdd7a9093d3.jpg",Labrador,https://www.glassesshop.com/eyeglasses/fp1988?page=2,$12.95
"https://glassesshop-res.cloudinary.com/c_fill,f_auto,fl_lossy,q_auto,w_800,h_400,c_pad/products/202001/5e0eb47d12e4c.jpg",Christian,https://www.glassesshop.com/eyeglasses/sup0759?page=2,$29.95
"https://glassesshop-res.cloudinary.com/c_fill,f_auto,fl_lossy,q_auto,w_800,h_400,c_pad/products/201807/5b5fc22e9933f.jpg",Murphy,https://www.glassesshop.com/eyeglasses/fp1747?page=2,$39.95
"https://glassesshop-res.cloudinary.com/c_fill,f_auto,fl_lossy,q_auto,w_800,h_400,c_pad/products/201901/5c3403881a8fe.jpg",Hume,https://www.glassesshop.com/eyeglasses/fz1297?page=2,$8.99
"https://glassesshop-res.cloudinary.com/c_fill,f_auto,fl_lossy,q_auto,w_800,h_400,c_pad/products/201805/5afe7d156f3d7.jpg",Baldwin,https://www.glassesshop.com/eyeglasses/fp1618?page=2,$19.95
"https://glassesshop-res.cloudinary.com/c_fill,f_auto,fl_lossy,q_auto,w_800,h_400,c_pad/products/202109/614a9ce1a161e.jpg",Dinah,https://www.glassesshop.com/eyeglasses/fp2445?page=2,$24.95
"https://glassesshop-res.cloudinary.com/c_fill,f_auto,fl_lossy,q_auto,w_800,h_400,c_pad/products/202111/617fac077e522.jpg",Wilcox,https://www.glassesshop.com/eyeglasses/fp2496?page=2,$24.95
"https://glassesshop-res.cloudinary.com/c_fill,f_auto,fl_lossy,q_auto,w_800,h_400,c_pad/products/201704/58f85d7927324.jpg",Miami,https://www.glassesshop.com/eyeglasses/fz0981?page=2,$29.95
"https://glassesshop-res.cloudinary.com/c_fill,f_auto,fl_lossy,q_auto,w_800,h_400,c_pad/products/201904/5cb69b5e59b5c.jpg",Wilker,https://www.glassesshop.com/eyeglasses/sup0622?page=2,$29.95
"https://glassesshop-res.cloudinary.com/c_fill,f_auto,fl_lossy,q_auto,w_800,h_400,c_pad/products/201710/59e01c2604ce3.jpg",Nicole,https://www.glassesshop.com/eyeglasses/fz1083?page=2,$29.95
"https://glassesshop-res.cloudinary.com/c_fill,f_auto,fl_lossy,q_auto,w_800,h_400,c_pad/products/201805/5afe7e919eb7f.jpg",Isaiah,https://www.glassesshop.com/eyeglasses/fp1644?page=2,$19.95
"https://glassesshop-res.cloudinary.com/c_fill,f_auto,fl_lossy,q_auto,w_800,h_400,c_pad/products/202011/5fc4577810a68.jpg",Naperville,https://www.glassesshop.com/eyeglasses/fp2191?page=2,$12.95
"https://glassesshop-res.cloudinary.com/c_fill,f_auto,fl_lossy,q_auto,w_800,h_400,c_pad/products/201906/5cf8ca4eb5fb5.jpg",Vogt,https://www.glassesshop.com/eyeglasses/fz1320?page=2,$29.95
"https://glassesshop-res.cloudinary.com/c_fill,f_auto,fl_lossy,q_auto,w_800,h_400,c_pad/products/202006/5eddb2e6b03a7.jpg",Benjamin,https://www.glassesshop.com/eyeglasses/fm1466?page=2,$29.95
"https://glassesshop-res.cloudinary.com/c_fill,f_auto,fl_lossy,q_auto,w_800,h_400,c_pad/products/201805/5afe7e758cfc5.jpg",Mason,https://www.glassesshop.com/eyeglasses/fp1641?page=2,$19.95
"https://glassesshop-res.cloudinary.com/c_fill,f_auto,fl_lossy,q_auto,w_800,h_400,c_pad/products/202106/60b5e248c6a56.jpg",Ina,https://www.glassesshop.com/eyeglasses/fz1650?page=2,$19.95
"https://glassesshop-res.cloudinary.com/c_fill,f_auto,fl_lossy,q_auto,w_800,h_400,c_pad/products/201703/58c7556ccda85.jpg",Terre,https://www.glassesshop.com/eyeglasses/rm0247?page=2,$32.95
"https://glassesshop-res.cloudinary.com/c_fill,f_auto,fl_lossy,q_auto,w_800,h_400,c_pad/products/202106/60bdd5f50ee58.jpg",Owensboro,https://www.glassesshop.com/eyeglasses/fp2193?page=2,$12.95
"https://glassesshop-res.cloudinary.com/c_fill,f_auto,fl_lossy,q_auto,w_800,h_400,c_pad/products/202011/5fc458909b2b6.jpg",Kissimmee,https://www.glassesshop.com/eyeglasses/fz1562?page=2,$29.95
"https://glassesshop-res.cloudinary.com/c_fill,f_auto,fl_lossy,q_auto,w_800,h_400,c_pad/products/201812/5c2436744043a.jpg",Hawthorn,https://www.glassesshop.com/eyeglasses/fm1349?page=2,$29.95
"https://glassesshop-res.cloudinary.com/c_fill,f_auto,fl_lossy,q_auto,w_800,h_400,c_pad/products/202103/60457fd32a1c2.jpg",Uvalde,https://www.glassesshop.com/eyeglasses/sup1073?page=2,$9.95
"https://glassesshop-res.cloudinary.com/c_fill,f_auto,fl_lossy,q_auto,w_800,h_400,c_pad/products/201707/595c863c38c17.jpg",Iowa,https://www.glassesshop.com/eyeglasses/fz1015?page=2,$29.95
"https://glassesshop-res.cloudinary.com/c_fill,f_auto,fl_lossy,q_auto,w_800,h_400,c_pad/products/201807/5b4c4d7b98167.jpg",Omar,https://www.glassesshop.com/eyeglasses/fm1271?page=2,$19.95
"https://glassesshop-res.cloudinary.com/c_fill,f_auto,fl_lossy,q_auto,w_800,h_400,c_pad/products/201710/59e01c51ef38a.jpg",Mandy,https://www.glassesshop.com/eyeglasses/fz1089?page=2,$29.95
"https://glassesshop-res.cloudinary.com/c_fill,f_auto,fl_lossy,q_auto,w_800,h_400,c_pad/products/201807/5b3dcff30c19c.jpg",Dove,https://www.glassesshop.com/eyeglasses/fp1727?page=2,$34.95
"https://glassesshop-res.cloudinary.com/c_fill,f_auto,fl_lossy,q_auto,w_800,h_400,c_pad/products/201907/5d2d2660a22b3.jpg",Bobosa,https://www.glassesshop.com/eyeglasses/fz1375?page=2,$12.95
"https://glassesshop-res.cloudinary.com/c_fill,f_auto,fl_lossy,q_auto,w_800,h_400,c_pad/products/201807/5b3dd02194eeb.jpg",Grover,https://www.glassesshop.com/eyeglasses/fp1730?page=2,$34.95
"https://glassesshop-res.cloudinary.com/c_fill,f_auto,fl_lossy,q_auto,w_800,h_400,c_pad/products/202103/60470d5444a79.jpg",Grace,https://www.glassesshop.com/eyeglasses/fz1591?page=2,$8.99
"https://glassesshop-res.cloudinary.com/c_fill,f_auto,fl_lossy,q_auto,w_800,h_400,c_pad/products/202010/5f9624a245c0e.jpg",Jean,https://www.glassesshop.com/eyeglasses/fp1718?page=2,$19.95
"https://glassesshop-res.cloudinary.com/c_fill,f_auto,fl_lossy,q_auto,w_800,h_400,c_pad/products/202005/5ec744a8c80b0.jpg",Astrid,https://www.glassesshop.com/eyeglasses/fp1500?page=2,$12.95
"https://glassesshop-res.cloudinary.com/c_fill,f_auto,fl_lossy,q_auto,w_800,h_400,c_pad/products/201908/5d4d180867511.jpg",Dubois,https://www.glassesshop.com/eyeglasses/ft0326?page=2,$49.95
"https://glassesshop-res.cloudinary.com/c_fill,f_auto,fl_lossy,q_auto,w_800,h_400,c_pad/products/202111/617fad8a1d1d2.jpg",Woolf,https://www.glassesshop.com/eyeglasses/fp2491?page=2,$24.95
"https://glassesshop-res.cloudinary.com/c_fill,f_auto,fl_lossy,q_auto,w_800,h_400,c_pad/products/201712/5a2f93753d9d9.jpg",Joyce,https://www.glassesshop.com/eyeglasses/fp1505?page=2,$19.95
"https://glassesshop-res.cloudinary.com/c_fill,f_auto,fl_lossy,q_auto,w_800,h_400,c_pad/products/201911/5dbfecc57f5b9.jpg",Plains,https://www.glassesshop.com/eyeglasses/fp2026?page=2,$24.95
"https://glassesshop-res.cloudinary.com/c_fill,f_auto,fl_lossy,q_auto,w_800,h_400,c_pad/products/202005/5eb8b58e68ce6.jpg",Annabelle,https://www.glassesshop.com/eyeglasses/fp2086?page=2,$24.95
"https://glassesshop-res.cloudinary.com/c_fill,f_auto,fl_lossy,q_auto,w_800,h_400,c_pad/products/201810/5bbc50f6605c9.jpg",Ezekiel,https://www.glassesshop.com/eyeglasses/fz1277?page=2,$29.95
"https://glassesshop-res.cloudinary.com/c_fill,f_auto,fl_lossy,q_auto,w_800,h_400,c_pad/products/202106/60bdd9b1b06df.jpg",Averies,https://www.glassesshop.com/eyeglasses/fp1828?page=2,$19.95
"https://glassesshop-res.cloudinary.com/c_fill,f_auto,fl_lossy,q_auto,w_800,h_400,c_pad/products/201904/5cb69b5102348.jpg",Tacab,https://www.glassesshop.com/eyeglasses/fp1831?page=2,$19.95
"https://glassesshop-res.cloudinary.com/c_fill,f_auto,fl_lossy,q_auto,w_800,h_400,c_pad/products/202103/604580ab73609.jpg",Galveston,https://www.glassesshop.com/eyeglasses/sup1101?page=2,$29.95
"https://glassesshop-res.cloudinary.com/c_fill,f_auto,fl_lossy,q_auto,w_800,h_400,c_pad/products/202106/60bdd2c3ab5ea.jpg",Orleans,https://www.glassesshop.com/eyeglasses/ft0458?page=2,$49.95
"https://glassesshop-res.cloudinary.com/c_fill,f_auto,fl_lossy,q_auto,w_800,h_400,c_pad/products/202112/61adc0828c9a3.jpg",Richfield,https://www.glassesshop.com/eyeglasses/rm0307?page=2,$29.95
"https://glassesshop-res.cloudinary.com/c_fill,f_auto,fl_lossy,q_auto,w_800,h_400,c_pad/products/201711/59fd64946717c.jpg",Tiffen,https://www.glassesshop.com/eyeglasses/fp1443?page=2,$19.95
"https://glassesshop-res.cloudinary.com/c_fill,f_auto,fl_lossy,q_auto,w_800,h_400,c_pad/products/201801/5a65815f91df3.jpg",Adam,https://www.glassesshop.com/eyeglasses/fp1543?page=2,$24.95
"https://glassesshop-res.cloudinary.com/c_fill,f_auto,fl_lossy,q_auto,w_800,h_400,c_pad/products/201707/5965e641eae52.jpg",Lambert,https://www.glassesshop.com/eyeglasses/fm1089?page=2,$39.95
"https://glassesshop-res.cloudinary.com/c_fill,f_auto,fl_lossy,q_auto,w_800,h_400,c_pad/products/202011/5fbf2aaec33c1.jpg",Attis,https://www.glassesshop.com/eyeglasses/fm1394?page=2,$24.95
"https://glassesshop-res.cloudinary.com/c_fill,f_auto,fl_lossy,q_auto,w_800,h_400,c_pad/products/201805/5b0fae276f84e.jpg",Enoch,https://www.glassesshop.com/eyeglasses/fz1158?page=2,$29.95
"https://glassesshop-res.cloudinary.com/c_fill,f_auto,fl_lossy,q_auto,w_800,h_400,c_pad/products/201909/5d8d7514a11ba.jpg",Dinas,https://www.glassesshop.com/eyeglasses/fp1947?page=2,$12.95
"https://glassesshop-res.cloudinary.com/c_fill,f_auto,fl_lossy,q_auto,w_800,h_400,c_pad/products/202101/5ff2c61c440c2.jpg",Ardmore,https://www.glassesshop.com/eyeglasses/fm1558?page=2,$9.95
"https://glassesshop-res.cloudinary.com/c_fill,f_auto,fl_lossy,q_auto,w_800,h_400,c_pad/products/201707/5965e6a2a90a4.jpg",Matthew,https://www.glassesshop.com/eyeglasses/sm0753?page=2,$39.95
"https://glassesshop-res.cloudinary.com/c_fill,f_auto,fl_lossy,q_auto,w_800,h_400,c_pad/products/201907/5d268bd89da12.jpg",Marlowe,https://www.glassesshop.com/eyeglasses/sup0711?page=2,$19.95
"https://glassesshop-res.cloudinary.com/c_fill,f_auto,fl_lossy,q_auto,w_800,h_400,c_pad/products/202105/60b58487603f5.jpg",Watertown,https://www.glassesshop.com/eyeglasses/fp1804?page=2,$19.95
"https://glassesshop-res.cloudinary.com/c_fill,f_auto,fl_lossy,q_auto,w_800,h_400,c_pad/products/202109/614a99be42322.jpg",Fitchburg,https://www.glassesshop.com/eyeglasses/fp2383?page=2,$24.95
"https://glassesshop-res.cloudinary.com/c_fill,f_auto,fl_lossy,q_auto,w_800,h_400,c_pad/products/202009/5f5f30c675b8a.jpg",Stephen,https://www.glassesshop.com/eyeglasses/sm0897?page=2,$12.95
"https://glassesshop-res.cloudinary.com/c_fill,f_auto,fl_lossy,q_auto,w_800,h_400,c_pad/products/202107/60f925983a13f.jpg",Darcy,https://www.glassesshop.com/eyeglasses/sm0787?page=2,$19.95
"https://glassesshop-res.cloudinary.com/c_fill,f_auto,fl_lossy,q_auto,w_800,h_400,c_pad/products/201611/582e6147edb26.jpg",Hayden,https://www.glassesshop.com/eyeglasses/fp1237?page=2,$24.95
"https://glassesshop-res.cloudinary.com/c_fill,f_auto,fl_lossy,q_auto,w_800,h_400,c_pad/products/202111/618e2eeef0977.jpg",Lina,https://www.glassesshop.com/eyeglasses/fz1804?page=2,$29.95
"https://glassesshop-res.cloudinary.com/c_fill,f_auto,fl_lossy,q_auto,w_800,h_400,c_pad/products/202005/5eb91371dbe05.jpg",Edgar,https://www.glassesshop.com/eyeglasses/fm1452?page=2,$35.95
"https://glassesshop-res.cloudinary.com/c_fill,f_auto,fl_lossy,q_auto,w_800,h_400,c_pad/products/201710/59e4597b52b63.jpg",Kelowna,https://www.glassesshop.com/eyeglasses/fp1409?page=2,$19.95
"https://glassesshop-res.cloudinary.com/c_fill,f_auto,fl_lossy,q_auto,w_800,h_400,c_pad/products/202102/602a10121e714.jpg",Jackson,https://www.glassesshop.com/eyeglasses/fp2247?page=2,$24.95
"https://glassesshop-res.cloudinary.com/c_fill,f_auto,fl_lossy,q_auto,w_800,h_400,c_pad/products/202006/5ef06e335153e.jpg",Salisbury,https://www.glassesshop.com/eyeglasses/fp2105?page=2,$19.95
"https://glassesshop-res.cloudinary.com/c_fill,f_auto,fl_lossy,q_auto,w_800,h_400,c_pad/products/202005/5eb9129c7a05e.jpg",Westlake,https://www.glassesshop.com/eyeglasses/fz1437?page=3,$44.95
"https://glassesshop-res.cloudinary.com/c_fill,f_auto,fl_lossy,q_auto,w_800,h_400,c_pad/products/202105/60924522f3ddf.jpg",Megan,https://www.glassesshop.com/eyeglasses/sup0828?page=3,$29.95
"https://glassesshop-res.cloudinary.com/c_fill,f_auto,fl_lossy,q_auto,w_800,h_400,c_pad/products/201811/5be91fb066b41.jpg",Gaskell,https://www.glassesshop.com/eyeglasses/sup0568?page=3,$29.95
"https://glassesshop-res.cloudinary.com/c_fill,f_auto,fl_lossy,q_auto,w_800,h_400,c_pad/products/201611/58252d0bc746b.jpg",Trenton,https://www.glassesshop.com/eyeglasses/fp1232?page=3,$19.95
"https://glassesshop-res.cloudinary.com/c_fill,f_auto,fl_lossy,q_auto,w_800,h_400,c_pad/products/202104/606bbf51de37a.jpg",Kitty,https://www.glassesshop.com/eyeglasses/fz1659?page=3,$29.95
"https://glassesshop-res.cloudinary.com/c_fill,f_auto,fl_lossy,q_auto,w_800,h_400,c_pad/products/201805/5af13c7ed9208.jpg",Brunswick,https://www.glassesshop.com/eyeglasses/fm1017?page=3,$29.95
"https://glassesshop-res.cloudinary.com/c_fill,f_auto,fl_lossy,q_auto,w_800,h_400,c_pad/products/202109/6135d4640f5e0.jpg",Osborn,https://www.glassesshop.com/eyeglasses/fz1709?page=3,$34.95
"https://glassesshop-res.cloudinary.com/c_fill,f_auto,fl_lossy,q_auto,w_800,h_400,c_pad/products/202102/60361c861bd11.jpg",Durham,https://www.glassesshop.com/eyeglasses/fz1653?page=3,$29.95
"https://glassesshop-res.cloudinary.com/c_fill,f_auto,fl_lossy,q_auto,w_800,h_400,c_pad/products/202108/610a3d9e2e424.jpg",Niagara,https://www.glassesshop.com/eyeglasses/ft0526?page=3,$45.95
"https://glassesshop-res.cloudinary.com/c_fill,f_auto,fl_lossy,q_auto,w_800,h_400,c_pad/products/201611/581c4a3fa7f0a.jpg",Reno,https://www.glassesshop.com/eyeglasses/fp1088?page=3,$44.95
"https://glassesshop-res.cloudinary.com/c_fill,f_auto,fl_lossy,q_auto,w_800,h_400,c_pad/products/202104/606bbf9b8af85.jpg",Creston,https://www.glassesshop.com/eyeglasses/fz1687?page=3,$29.95
"https://glassesshop-res.cloudinary.com/c_fill,f_auto,fl_lossy,q_auto,w_800,h_400,c_pad/products/202006/5ef07d5777f2e.jpg",Troy,https://www.glassesshop.com/eyeglasses/sup0907?page=3,$24.95
"https://glassesshop-res.cloudinary.com/c_fill,f_auto,fl_lossy,q_auto,w_800,h_400,c_pad/products/202002/5e377f9ccb097.jpg",Mobile,https://www.glassesshop.com/eyeglasses/ft0360?page=3,$39.95
"https://glassesshop-res.cloudinary.com/c_fill,f_auto,fl_lossy,q_auto,w_800,h_400,c_pad/products/202106/60c80276c683c.jpg",Miranda,https://www.glassesshop.com/eyeglasses/fp2325?page=3,$19.95
"https://glassesshop-res.cloudinary.com/c_fill,f_auto,fl_lossy,q_auto,w_800,h_400,c_pad/products/202011/5fa8e92372fef.jpg",Goodland,https://www.glassesshop.com/eyeglasses/fp2153?page=3,$9.95
"https://glassesshop-res.cloudinary.com/c_fill,f_auto,fl_lossy,q_auto,w_800,h_400,c_pad/products/202108/610a547822c63.jpg",Equality,https://www.glassesshop.com/eyeglasses/fz1749?page=3,$29.95
"https://glassesshop-res.cloudinary.com/c_fill,f_auto,fl_lossy,q_auto,w_800,h_400,c_pad/products/202109/614a9ad774969.jpg",Lisa,https://www.glassesshop.com/eyeglasses/fp2432?page=3,$19.95
"https://glassesshop-res.cloudinary.com/c_fill,f_auto,fl_lossy,q_auto,w_800,h_400,c_pad/products/202111/617fa894990b5.jpg",Pangnirtung,https://www.glassesshop.com/eyeglasses/sup1234?page=3,$34.95
"https://glassesshop-res.cloudinary.com/c_fill,f_auto,fl_lossy,q_auto,w_800,h_400,c_pad/products/202103/60457ff015581.jpg",Huntsville,https://www.glassesshop.com/eyeglasses/sup1077?page=3,$29.95
"https://glassesshop-res.cloudinary.com/c_fill,f_auto,fl_lossy,q_auto,w_800,h_400,c_pad/products/201908/5d4d19ea68174.jpg",Laurie,https://www.glassesshop.com/eyeglasses/fz1386?page=3,$12.95
"https://glassesshop-res.cloudinary.com/c_fill,f_auto,fl_lossy,q_auto,w_800,h_400,c_pad/products/201805/5afe7ed0f360c.jpg",Owen,https://www.glassesshop.com/eyeglasses/fp1651?page=3,$19.95
"https://glassesshop-res.cloudinary.com/c_fill,f_auto,fl_lossy,q_auto,w_800,h_400,c_pad/products/202008/5f30d31c85097.jpg",Laguna,https://www.glassesshop.com/eyeglasses/fp2126?page=3,$24.95
"https://glassesshop-res.cloudinary.com/c_fill,f_auto,fl_lossy,q_auto,w_800,h_400,c_pad/products/202011/5fc4575041188.jpg",Bainbridge,https://www.glassesshop.com/eyeglasses/fp2185?page=3,$19.95
"https://glassesshop-res.cloudinary.com/c_fill,f_auto,fl_lossy,q_auto,w_800,h_400,c_pad/products/202101/5fffb4b75dafe.jpg",Bray,https://www.glassesshop.com/eyeglasses/fp1923?page=3,$12.95
"https://glassesshop-res.cloudinary.com/c_fill,f_auto,fl_lossy,q_auto,w_800,h_400,c_pad/products/202106/60d13aac8e41f.jpg",Barret,https://www.glassesshop.com/eyeglasses/fm1565?page=3,$29.95
"https://glassesshop-res.cloudinary.com/c_fill,f_auto,fl_lossy,q_auto,w_800,h_400,c_pad/products/202004/5e93cce730382.jpg",Aurora,https://www.glassesshop.com/eyeglasses/sup0793?page=3,$29.95
"https://glassesshop-res.cloudinary.com/c_fill,f_auto,fl_lossy,q_auto,w_800,h_400,c_pad/products/201908/5d4d18e5deb94.jpg",Bloor,https://www.glassesshop.com/eyeglasses/fp1918?page=3,$12.95
"https://glassesshop-res.cloudinary.com/c_fill,f_auto,fl_lossy,q_auto,w_800,h_400,c_pad/products/202109/613f0ddedddae.jpg",Jinbee,https://www.glassesshop.com/eyeglasses/fp1902?page=3,$5.95
"https://glassesshop-res.cloudinary.com/c_fill,f_auto,fl_lossy,q_auto,w_800,h_400,c_pad/products/202102/602a0fc41a436.jpg",Rouge,https://www.glassesshop.com/eyeglasses/fm1573?page=3,$12.95
"https://glassesshop-res.cloudinary.com/c_fill,f_auto,fl_lossy,q_auto,w_800,h_400,c_pad/products/202109/614a995f62ad8.jpg",Algernon,https://www.glassesshop.com/eyeglasses/fm1635?page=3,$24.95
"https://glassesshop-res.cloudinary.com/c_fill,f_auto,fl_lossy,q_auto,w_800,h_400,c_pad/products/202109/614a9dcde0754.jpg",Gadsden,https://www.glassesshop.com/eyeglasses/rm0303?page=3,$29.95
"https://glassesshop-res.cloudinary.com/c_fill,f_auto,fl_lossy,q_auto,w_800,h_400,c_pad/products/201809/5bac31dd12811.jpg",Winchester,https://www.glassesshop.com/eyeglasses/fp1770?page=3,$19.95
"https://glassesshop-res.cloudinary.com/c_fill,f_auto,fl_lossy,q_auto,w_800,h_400,c_pad/products/202007/5f0d02d854f66.jpg",Baltimore,https://www.glassesshop.com/eyeglasses/fp2109?page=3,$12.95
"https://glassesshop-res.cloudinary.com/c_fill,f_auto,fl_lossy,q_auto,w_800,h_400,c_pad/products/202005/5eb913bd0be3d.jpg",Norfolk,https://www.glassesshop.com/eyeglasses/fm1463?page=3,$19.95
"https://glassesshop-res.cloudinary.com/c_fill,f_auto,fl_lossy,q_auto,w_800,h_400,c_pad/products/202106/60becbe6b3dd7.jpg",Wood,https://www.glassesshop.com/eyeglasses/fp1281?page=3,$29.95
"https://glassesshop-res.cloudinary.com/c_fill,f_auto,fl_lossy,q_auto,w_800,h_400,c_pad/products/202007/5f1e8ac5b6c35.jpg",Bernardino,https://www.glassesshop.com/eyeglasses/sup0749?page=3,$24.95
"https://glassesshop-res.cloudinary.com/c_fill,f_auto,fl_lossy,q_auto,w_800,h_400,c_pad/products/202106/60c804b23582c.jpg",Edwina,https://www.glassesshop.com/eyeglasses/fp2397?page=3,$24.95
"https://glassesshop-res.cloudinary.com/c_fill,f_auto,fl_lossy,q_auto,w_800,h_400,c_pad/products/202005/5ec4810dc05c2.jpg",Eleanor,https://www.glassesshop.com/eyeglasses/fp1948?page=3,$12.95
"https://glassesshop-res.cloudinary.com/c_fill,f_auto,fl_lossy,q_auto,w_800,h_400,c_pad/products/202105/60b493bd68ec3.jpg",Joanna,https://www.glassesshop.com/eyeglasses/fp2375?page=3,$19.95
"https://glassesshop-res.cloudinary.com/c_fill,f_auto,fl_lossy,q_auto,w_800,h_400,c_pad/products/201810/5bbc4f036842a.jpg",Robben,https://www.glassesshop.com/eyeglasses/ft0242?page=3,$39.95
"https://glassesshop-res.cloudinary.com/c_fill,f_auto,fl_lossy,q_auto,w_800,h_400,c_pad/products/202011/5fa8e90daf6bd.jpg",Naples,https://www.glassesshop.com/eyeglasses/fm1538?page=3,$12.95
"https://glassesshop-res.cloudinary.com/c_fill,f_auto,fl_lossy,q_auto,w_800,h_400,c_pad/products/202009/5f5f30e761077.jpg",Oneida,https://www.glassesshop.com/eyeglasses/ft0405?page=3,$44.95
"https://glassesshop-res.cloudinary.com/c_fill,f_auto,fl_lossy,q_auto,w_800,h_400,c_pad/products/202104/606bbefd34db8.jpg",Clark,https://www.glassesshop.com/eyeglasses/ft0482?page=3,$54.95
"https://glassesshop-res.cloudinary.com/c_fill,f_auto,fl_lossy,q_auto,w_800,h_400,c_pad/products/202006/5ef06e1da22a9.jpg",Audrey,https://www.glassesshop.com/eyeglasses/fp2102?page=3,$19.95
"https://glassesshop-res.cloudinary.com/c_fill,f_auto,fl_lossy,q_auto,w_800,h_400,c_pad/products/201812/5c2436850e3f4.jpg",Horatio,https://www.glassesshop.com/eyeglasses/sm0874?page=3,$19.95
"https://glassesshop-res.cloudinary.com/c_fill,f_auto,fl_lossy,q_auto,w_800,h_400,c_pad/products/202109/614a9cb7b3352.jpg",Mavis,https://www.glassesshop.com/eyeglasses/fp2440?page=3,$29.95
"https://glassesshop-res.cloudinary.com/c_fill,f_auto,fl_lossy,q_auto,w_800,h_400,c_pad/products/202008/5f30c135657d0.jpg",Jellico,https://www.glassesshop.com/eyeglasses/fz1495?page=3,$29.95
"https://glassesshop-res.cloudinary.com/c_fill,f_auto,fl_lossy,q_auto,w_800,h_400,c_pad/products/202111/618b790593864.jpg",Antoine,https://www.glassesshop.com/eyeglasses/st0267?page=3,$49.95
"https://glassesshop-res.cloudinary.com/c_fill,f_auto,fl_lossy,q_auto,w_800,h_400,c_pad/products/202103/604eccadb22ca.jpg",Manhattan,https://www.glassesshop.com/eyeglasses/ft0425?page=3,$44.95
"https://glassesshop-res.cloudinary.com/c_fill,f_auto,fl_lossy,q_auto,w_800,h_400,c_pad/products/202108/6107bdc41e686.jpg",Memphis,https://www.glassesshop.com/eyeglasses/fz1739?page=3,$29.95
